Crop_Name,Scientific_Name,Category,Avg_Yield_per_Acre_kg,Cost_of_Cultivation_per_Acre_INR,Avg_Market_Price_per_Quintal,Expected_ROI_%,Net_Profit_per_Acre_INR,Water_Requirement,Soil_Type,Climate_Requirement,Season,Ideal_Temperature_Range,Recommended_Farming_Technique,Technique_Description,Investment_Required_INR,Investment_Tier,Suitable_for_Small_Farmers,Applicable_Government_Schemes,Scheme_Benefit_Description,Subsidy_or_Grant_%,Scheme_URLs,Sowing_Months,Harvest_Months,Duration_days,Fertilizer_and_Pest_Management,Storage_and_PostHarvest_Requirements,Export_Potential,Domestic_Demand_Level,Price_Volatility_%,Best_Growing_States,Agro_Climatic_Zone,Environmental_Impact_Score,Verification_Status,Data_Source_URLs,Last_Updated
Ashwagandha,Withania somnifera,Medicinal,800,30000,120000,200,40000,Low,Sandy,Dryhot,Kharif,27.5,Horticulture,Organic farming with drip irrigation,50000,Low,Yes,NMPB,40% financial assistance for medicinal-plant cultivation,40,https://nmpb.nic.in,June-July,Nov-Dec,150,Integrated pest management,Shade drying and airtight packaging,High,High,5,Madhya Pradesh Rajasthan,Dry regions,8,Verified,https://www.nicheagriculture.com/profitable-medicinal-plants-grow-in-india/,2025
Tulsi,Ocimum sanctum,Medicinal,1500,25000,100000,170,32500,Low,Loamy,Tropical,All year round,27.5,Horticulture,Organic low water hydroponics possible,45000,Low,Yes,NMPB,40% subsidy for herbal cultivation and processing,40,https://nmpb.nic.in,Year-round,Year-round,90,Organic fertilizers,Proper drying and packaging,Medium,High,4,Uttarakhand Tamil Nadu,Tropical,7,Verified,https://nmpb.nic.in,2025
Giloy,Tinospora cordifolia,Medicinal,1200,28000,90000,150,25000,Low,Sandy,Subtropical,Year-round,30,Horticulture,Shade cultivation with drip irrigation,40000,Low,Yes,NMPB,Financial assistance for medicinal vine cultivation,40,https://nmpb.nic.in,Year-round,Year-round,365,Integrated pest management,Cold storage for long term,Medium,Medium,3,Chhattisgarh Odisha,Subtropical,6,Verified,https://nmpb.nic.in,2025
Stevia,Stevia rebaudiana,Medicinal,3500,40000,85000,130,37000,Medium,Loamy,Tropical,Kharif,27.5,Precision Farming,Soil and drip irrigation with mulching,60000,Low,Yes,MIDH,50% subsidy for protected cultivation and irrigation,50,https://midh.gov.in,March-April,July-Sept,120,Low chemical use,Proper drying and packing,High,Medium,5,Maharashtra Andhra Pradesh,Tropical,7,Verified,https://midh.gov.in,2025
Aloe Vera,Aloe barbadensis,Medicinal,10000,35000,25000,180,60000,Low,Sandy,Arid,Kharif,31.5,Precision Farming,Drip irrigation minimal fertilizer,50000,Low,Yes,MIDH,50% subsidy for horticulture and micro irrigation,50,https://midh.gov.in,Feb-March,Nov-Jan,270,Organic pesticides,Cold storage to preserve gel quality,Medium,High,4,Rajasthan Gujarat,Arid,8,Verified,https://midh.gov.in,2025
Brahmi,Bacopa monnieri,Medicinal,1800,30000,115000,140,35000,High,Loamy,Humid,Kharif,28.5,Horticulture,Shade cultivation with organic fertilization,45000,Low,Yes,NMPB,40% subsidy for herbal crop cultivation,40,https://nmpb.nic.in,June-July,Dec-Jan,180,Organic pest control,Sun drying and airtight packaging,Medium,Medium,6,West Bengal Kerala,Humid Tropics,7,Verified,https://nmpb.nic.in,2025
Shankhpushpi,Convolvulus pluricaulis,Medicinal,1500,28000,120000,150,32000,Medium,Sandy Loam,Tropical,Kharif,29,Horticulture,Drip irrigation organic inputs,45000,Low,Yes,NMPB,Financial support for medicinal herb production,40,https://nmpb.nic.in,Early monsoon,Oct-Nov,135,Organic fertilizers,Shade drying airy conditions,Medium,Medium,5,Karnataka Tamil Nadu,Tropical,7,Verified,https://nmpb.nic.in,2025
Moringa,Moringa oleifera,Multipurpose,15000,30000,15000,180,90000,Low,Loamy,Tropical,Kharif,30,Organic Farming,Drip irrigation and organic manure,45000,Low,Yes,MIDH,50% subsidy for horticulture plantation infrastructure,50,https://midh.gov.in,June-July,Oct-Nov,180,Integrated pest management,Cold storage optional,High,High,3,Tamil Nadu Andhra Pradesh,Tropical,8,Verified,https://midh.gov.in,2025
Dragon Fruit,Hylocereus undatus,Fruit,8000,120000,70000,180,300000,Low,Loamy,Tropical,Kharif,27.5,Horticulture Trellis System,Requires poles and drip irrigation,150000,Medium,Yes,MIDH,50% subsidy for trellised horticulture setup,50,https://midh.gov.in,June–July,March–April,270,Integrated nutrient management,Cold storage and packaging,High,High,4,Maharashtra Karnataka,Tropical,6,Verified,https://midh.gov.in,2025
Saffron,Crocus sativus,Spice,400,150000,300000,220,350000,Low,Well drained,Semi-arid,Rabi,20,Precision Farming,Protected cultivation under climate control,400000,High,No,MIDH,60% subsidy for protected saffron farming,60,https://midh.gov.in,Oct-Nov,Feb-Mar,150,Organic pest management,Cold storage,High,Medium,7,Jammu Kashmir,Himalayan,9,Verified,https://midh.gov.in,2025
Amla,Phyllanthus emblica,Fruit,10000,80000,60000,180,110000,Medium,Loamy,Tropical,Kharif,28.5,Horticulture,High-density plantation with drip irrigation,150000,Medium,Yes,MIDH,50% subsidy for fruit orchard setup,50,https://midh.gov.in,June-July,Feb-Apr,1095,Integrated nutrient management,Cold storage required,High,High,5,Telangana Maharashtra,Tropical,6,Verified,https://midh.gov.in,2025
Black Wheat,Triticum durum,Cereal,2000,35000,16000,150,100000,Medium,Loamy,Temperate,Rabi,17.5,Precision Farming,Soil testing balanced fertilization,50000,Low,Yes,PMFBY,Crop insurance and yield protection coverage,20,https://pmfby.gov.in,Nov-Dec,March-April,120,Nitrogen-based fertilizer,Cold storage,Medium,High,4,Himachal Pradesh Punjab,Temperate,7,Verified,https://pmfby.gov.in,2025
Baby Corn,Zea mays var. rugosa,Vegetable,10000,70000,60000,140,84000,Medium,Loamy,Tropical,Zaid,25,Horticulture,Greenhouse with drip irrigation,80000,Medium,Yes,MIDH,40% subsidy for greenhouse vegetable cultivation,40,https://midh.gov.in,Feb-March,June-July,90,Pesticide and disease control,Cold storage and packaging,Medium,High,6,Karnataka Maharashtra,Tropical,7,Verified,https://midh.gov.in,2025
Strawberry,Fragaria × ananassa,Fruit,6000,90000,80000,160,96000,High,Loamy,Temperate,Zaid,20,Precision Farming,Polyhouse cultivation with fertigation,120000,Medium,No,MIDH,50% subsidy for protected berry cultivation,50,https://midh.gov.in,Oct-Nov,Feb-March,90,Integrated pest management,Cold storage and packaging,High,Medium,6,Himachal Pradesh Uttarakhand,Temperate,7,Verified,https://midh.gov.in,2025
Mushroom,Agaricus bisporus,Fungus,5000,40000,120000,190,76000,High,Loamy,Temperate,Rabi,19,Organic Farming,Compost based indoor cultivation,60000,Low,Yes,MIDH,40% subsidy for indoor mushroom units,40,https://midh.gov.in,Oct-Nov,Jan-Feb,90,Organic nutrient supplementation,Cold storage critical,High,High,8,Karnataka Tamil Nadu,Tropical-Temperate,8,Verified,https://midh.gov.in,2025
Pomegranate,Punica granatum,Fruit,7000,110000,70000,170,39000,Medium,Loamy,Arid,Kharif,28,Horticulture,Drip irrigation high density planting,130000,Medium,Yes,PMKSY,55% subsidy for micro-irrigation and water efficiency,55,https://pmksy.gov.in,June-July,Sept-Oct,270,Integrated pest management,Cold storage needed,High,High,6,Maharashtra Gujarat,Arid,7,Verified,https://pmksy.gov.in,2025
Cashew,Anacardium occidentale,Nut,2000,130000,180000,160,50000,Low,Sandy,Tropical,Kharif,30,Horticulture,Organic farming with micro-irrigation,150000,Medium,Yes,MIDH,50% subsidy for nut crop plantation,50,https://midh.gov.in,June-July,Feb-March,270,Integrated nutrient and pest management,Cold storage moderate,High,High,5,Kerala Karnataka,Tropical,7,Verified,https://midh.gov.in,2025
Cardamom,Elettaria cardamomum,Spice,1600,150000,220000,160,90000,High,Loamy,Tropical,Rabi,22.5,Horticulture,Shade grown with drip irrigation,180000,High,No,MIDH,40% subsidy for spice cultivation infrastructure,40,https://midh.gov.in,July-Aug,Dec-Jan,270,Organic pest management,Cold storage required,High,Medium,7,Kerala Tamil Nadu,Tropical,7,Verified,https://midh.gov.in,2025
Turmeric,Curcuma longa,Spice,7000,90000,90000,145,55000,Medium,Loamy,Tropical,Kharif,27.5,Horticulture,Organic farming partial irrigation,100000,Medium,Yes,MIDH,40% subsidy for spice and rhizome cultivation,40,https://midh.gov.in,June-July,Jan-Feb,180,Integrated nutrient pest management,Proper drying and cold storage,High,High,5,Kerala Tamil Nadu,Tropical,7,Verified,https://midh.gov.in,2025
Onion,Allium cepa,Vegetable,18000,60000,40000,125,55000,Medium,Loamy,Temperate,Kharif,22.5,Horticulture,Open field drip irrigation,70000,Low,Yes,PMFBY,Crop insurance and yield protection support,20,https://pmfby.gov.in,Aug-Sep,Dec-Jan,180,Integrated pest and nutrient management,Cold storage important,Medium,High,6,Maharashtra Karnataka,Temperate,6,Verified,https://pmfby.gov.in,2025
Tomato,Lycopersicon esculentum,Vegetable,35000,55000,30000,130,60000,High,Loamy,Temperate,Kharif,24,Horticulture,Greenhouse with fertigation,75000,Low,Yes,MIDH,40% subsidy for greenhouse vegetable cultivation,40,https://midh.gov.in,Oct-Nov,Jan-Feb,90,Integrated pest management,Cold storage and packaging,Medium,High,6,Andhra Pradesh Tamil Nadu,Temperate,6,Verified,https://midh.gov.in,2025
Potato,Solanum tuberosum,Vegetable,20000,40000,25000,140,46000,High,Loamy,Temperate,Rabi,22,Precision Farming,Drip irrigation with balanced fertilizer use,60000,Low,Yes,PMFBY,Crop insurance coverage for weather risks,20,https://pmfby.gov.in,Oct-Nov,Feb-Mar,120,Integrated pest management,Cold storage required,Medium,High,5,Uttar Pradesh West Bengal,Temperate,7,Verified,https://pmfby.gov.in,2025
Banana,Musa sapientum,Fruit,35000,80000,20000,160,76000,High,Loamy,Tropical,All year round,30,Horticulture,High-density planting with drip irrigation,120000,Medium,Yes,PMKSY,55% subsidy for irrigation and infrastructure,55,https://pmksy.gov.in,Year-round,Year-round,365,Integrated pest and nutrient management,Cold storage and packaging,High,High,4,Maharashtra Tamil Nadu,Tropical,7,Verified,https://pmksy.gov.in,2025
Mango,Mangifera indica,Fruit,15000,70000,30000,180,110000,Medium,Loamy,Tropical,Kharif,30,Horticulture,High density with drip irrigation,100000,Medium,Yes,MIDH,50% subsidy for fruit orchard infrastructure,50,https://midh.gov.in,March-April,June-July,180,Integrated pest management,Cold storage and packaging,High,High,5,Andhra Pradesh Maharashtra,Tropical,7,Verified,https://midh.gov.in,2025
Guava,Psidium guajava,Fruit,12000,55000,25000,150,70000,Medium,Loamy,Tropical,Kharif,28.5,Horticulture,Open field drip irrigation,70000,Low,Yes,MIDH,40% subsidy for fruit crop plantation,40,https://midh.gov.in,July-August,Oct-Nov,150,Organic pest management,Cold storage moderate,High,High,5,Uttar Pradesh Bihar,Subtropical,6,Verified,https://midh.gov.in,2025

Okra,Abelmoschus esculentus,Vegetable,12000,40000,18000,135,40000,Medium,Loamy,Tropical,Kharif,30,Horticulture,Drip irrigation with organic pest control,50000,Low,Yes,MIDH,40% subsidy for vegetable cultivation infrastructure,40,https://midh.gov.in,June-July,Sept-Oct,120,Organic pest management,Minimal cold storage,Medium,High,4,Maharashtra Gujarat,Tropical,6,Verified,https://midh.gov.in,2025
Chilli,Capsicum annum,Spice,8000,70000,32000,160,50000,Medium,Loamy,Tropical,Kharif,28,Horticulture,Drip irrigation and mulching,80000,Medium,Yes,MIDH,40% subsidy for spice crop infrastructure,40,https://midh.gov.in,March-April,Aug-Sept,180,Integrated pest management,Cold storage critical,High,High,5,Andhra Pradesh Telangana,Tropical,7,Verified,https://midh.gov.in,2025
Proso Millet,Panicum miliaceum,Cereal,2500,18000,4000,120,12000,Low,Sandy loam,Arid,Kharif,29,Open field,Rainfed millet farming,22000,Low,Yes,PMKSY,35% subsidy for micro-irrigation in dryland areas,35,https://pmksy.gov.in,June-July,Sept-Oct,80,Organic practices,Sun dry,Medium,Medium,6,Rajasthan Gujarat,Arid,7,Verified,https://pib.gov.in,2025
Barnyard Millet,Echinochloa frumentacea,Cereal,2200,16000,3500,110,8500,Low,Sandy loam,Arid,Kharif,30,Open field,Rainfed cultivation,20000,Low,Yes,PMKSY,35% subsidy for micro-irrigation systems,35,https://pmksy.gov.in,June-July,Sept-Oct,70,Organic pest control,Sun dry,Medium,Medium,6,Himachal Pradesh Uttarakhand,Arid,7,Verified,https://pib.gov.in,2025
Buckwheat,Fagopyrum esculentum,Cereal,1400,17000,4100,115,7200,Low,Loamy,Hilly,Kharif,18,Open field,Organic hilly farming,18000,Low,Yes,NHM,30% assistance for hilly crop development,30,https://nhm.gov.in,May-June,Sept-Oct,90,Minimal input,Sun drying,Medium,Medium,5,Uttarakhand Himachal,Hills,8,Verified,https://pib.gov.in,2025
Amaranth,Amaranthus caudatus,Cereal,1400,17000,4500,110,8000,Medium,Loamy,Hilly,Kharif,18,Open field,Nutrient-responsive cultivation,20000,Low,Yes,NHM,30% subsidy for nutrient-management inputs,30,https://nhm.gov.in,June-July,Sept-Oct,90,Minimal inputs,Sun drying,Medium,Medium,5,Uttarakhand Himachal,Hills,7,Verified,https://pib.gov.in,2025
Finger Millet,Eleusine coracana,Cereal,2200,15000,3500,130,9500,Low,Loamy,Arid,Kharif,26.5,Open field,Rainfed,16000,Low,Yes,PMKSY,35% subsidy for irrigation support in dry regions,35,https://pmksy.gov.in,June-July,Sept-Oct,80,Biofertilizer,Sun dry,Medium,Medium,6,Odisha Telangana,Arid,8,Verified,https://pmksy.gov.in,2025
Adzuki Bean,Vigna angularis,Pulse,1950,18000,7000,120,9000,Low,Loamy,Hilly,Kharif,22,Open field,Minimal intervention,20000,Low,Yes,NFSM,30% subsidy for pulse seed and input support,30,https://nfsm.gov.in,June-July,Sept-Oct,100,Minimal,Sun dry,Low,Medium,3,Uttarakhand Himachal,Hills,8,Verified,https://nfsm.gov.in,2025
Winged Bean,Psophocarpus tetragonolobus,Pulse,1380,18000,8500,115,10000,Medium,Loam,Tropical,Kharif,28,Open field,Nutrient rich,20000,Low,Yes,NFSM,30% subsidy for pulse seed distribution,30,https://nfsm.gov.in,June-July,Oct-Nov,100,Minimal,Sun dry,Low,Medium,3,Maharashtra Chhattisgarh,Tropical,7,Verified,https://nfsm.gov.in,2025
Mungbean,Vigna radiata,Pulse,1300,16000,8200,125,7000,Low,Loam,Tropical,Kharif,26.5,Open field,Mechanized organic,18000,Low,Yes,NFSM,35% input support for pulses,35,https://nfsm.gov.in,June-July,Sept-Oct,75,IPM,Sun dry,Low,High,3,Andhra Pradesh Telangana,Tropical,7,Verified,https://nfsm.gov.in,2025
Field Pea,Pisum sativum,Pulse,2300,19000,7600,110,8400,Medium,Fertile loam,Temperate,Rabi,16,Open field,Suitable for mechanized farming,21000,Low,Yes,NFSM,30% subsidy on pulse inputs,30,https://nfsm.gov.in,Oct-Nov,Feb-Mar,120,IPM,Packaged dry,Low,Medium,4,Haryana Uttarakhand,Temperate,7,Verified,https://nfsm.gov.in,2025
Sesame,Sesamum indicum,Oilseed,1100,15000,9000,120,7000,Low,Sandy loam,Arid,Kharif,27,Open field,Low input,16000,Low,Yes,NMEO,35% incentive for oilseed production,35,https://nmeo.dac.gov.in,May-June,Aug-Sept,90,IPM,Sun dry,Low,Medium,3,Bihar West Bengal,Arid,7,Verified,https://nmeo.dac.gov.in,2025
Netmeg,Myristica fragrans,Spice,900,75000,150000,200,200000,Low,Sandy loam,Tropical,Perennial,27,Horticulture,Shade grown,85000,Medium,No,MIDH,50% subsidy for spice plantation setup,50,https://midh.gov.in,June-July,Oct-Nov,365,Low input,Sun dry,High,Medium,10,Kerala Karnataka,Tropical,6,Verified,https://midh.gov.in,2025
Ajwain,Trachyspermum ammi,Spice,850,18000,8000,110,7200,Low,Loamy,Tropical,Kharif,25,Horticulture,Low input management,18000,Low,Yes,MIDH,30% subsidy for spice seed and input support,30,https://midh.gov.in,June-July,Sept-Oct,100,Minimal,Sun dry,Low,Medium,5,Gujarat Rajasthan,Tropical,7,Verified,https://midh.gov.in,2025
Mango Ginger,Curcuma amada,Spice,1200,30000,30000,130,40000,Medium,Loamy,Tropical,Kharif,25,Horticulture,Intercropping technique,35000,Low,Yes,MIDH,40% subsidy for rhizome crops under MIDH,40,https://midh.gov.in,June-July,Oct-Nov,150,Minimal,Cold storage,Low,Medium,5,Kerala Konkan,Tropical,8,Verified,https://midh.gov.in,2025
Oil Palm,Elaeis guineensis,Plantation,10000,210000,16000,180,170000,High,Loamy,Tropical,Perennial,26,Integrated,Captive irrigation with clusters,220000,High,No,NMEO,40% incentive for oil palm plantation setup,40,https://nmeo.dac.gov.in,June-July,Oct-Nov,365,Fertilizer mgmt,Oil extraction,High,Medium,6,Andhra Pradesh Karnataka,Tropical,8,Verified,https://nmeo.dac.gov.in,2025
Cocoa,Theobroma cacao,Plantation,800,100000,35000,150,35000,High,Loamy,Tropical,Perennial,27,Horticulture,Shade grown under coconut intercropping,110000,Medium,No,MIDH,35% subsidy for intercropped plantation setup,35,https://midh.gov.in,May-June,Nov-Dec,365,Fertilizer mgmt,Cold store,High,Medium,8,Kerala Tamil Nadu,Tropical,7,Verified,https://midh.gov.in,2025
Bael,Aegle marmelos,Fruit,1800,24000,40000,130,25000,Medium,Loamy,Tropical,Perennial,24,Horticulture,High density plantation,26000,Low,Yes,MIDH,35% subsidy for fruit orchard setup,35,https://midh.gov.in,June-July,Nov-Dec,365,Minimal,Cold store packing,Medium,High,5,Jharkhand Bihar,Tropical,7,Verified,https://midh.gov.in,2025
Pummelo,Citrus maxima,Fruit,1500,25000,29000,120,18000,Medium,Loamy,Tropical,Perennial,28,Horticulture,Clonal selection intercropping,29000,Low,Yes,MIDH,40% subsidy for citrus orchard setup,40,https://midh.gov.in,June-July,Nov-Dec,365,Minimal,Cold store,Medium,High,4,Karnataka Kerala,Tropical,7,Verified,https://midh.gov.in,2025
Bottle Gourd,Lagenaria siceraria,Vegetable,7000,15000,20000,140,32000,Medium,Loamy,Tropical,Kharif,27,Horticulture,Open field and trellis,20000,Low,Yes,MIDH,30% subsidy for vegetable crop inputs,30,https://midh.gov.in,June-July,Sept-Oct,90,IPM,Cold store,Medium,High,5,Uttar Pradesh Bihar,Tropical,7,Verified,https://midh.gov.in,2025
Indian Bean,Dolichos lablab,Vegetable,2500,12000,15000,120,15000,Medium,Sandy loam,Tropical,Kharif,25,Horticulture,Intercropping,15000,Low,Yes,MIDH,30% subsidy for intercropped vegetable farming,30,https://midh.gov.in,June-July,Sept-Oct,100,Minimal,Sun dry,Low,High,8,Tamil Nadu Maharashtra,Tropical,7,Verified,https://midh.gov.in,2025
Muskmelon,Cucumis melo,Vegetable,3500,10000,20000,140,25000,Medium,Loamy,Tropical,Perennial,27,Horticulture,Open field or greenhouse,13000,Low,Yes,MIDH,30% subsidy for protected melon cultivation,30,https://midh.gov.in,Feb-March,July-Aug,120,IPM,Cold store,High,Medium,7,Andhra Pradesh Maharashtra,Tropical,8,Verified,https://midh.gov.in,2025
Watermelon,Citrullus lanatus,Vegetable,4000,12000,16000,130,18000,Medium,Loamy,Tropical,Kharif,27,Horticulture,Open field,14000,Low,Yes,MIDH,30% subsidy for fruit vegetable cultivation,30,https://midh.gov.in,Feb-March,June-July,110,IPM,Cold store packing,High,High,7,Maharashtra Karnataka,Tropical,8,Verified,https://midh.gov.in,2025


Marigold,Tagetes erecta,Flower,8000,30000,25000,135,40000,Medium,Loamy,Tropical,Kharif,26,Horticulture,Open field flower cultivation,35000,Low,Yes,MIDH,40% subsidy for floriculture infrastructure,40,https://midh.gov.in,June-July,Oct-Nov,120,Organic pest management,Cold storage,Medium,High,5,Karnataka Tamil Nadu,Tropical,7,Verified,https://midh.gov.in,2025
Jasmine,Jasminum sambac,Flower,6000,40000,45000,150,50000,Medium,Loamy,Tropical,Perennial,27,Horticulture,Layering and trellis cultivation,45000,Medium,No,MIDH,40% subsidy for floriculture setup,40,https://midh.gov.in,Feb-March,Oct-Nov,365,IPM,Cold chain,High,High,5,Tamil Nadu Karnataka,Tropical,7,Verified,https://midh.gov.in,2025
Rose,Rosa indica,Flower,10000,45000,60000,160,65000,Medium,Loamy,Tropical,Perennial,24,Horticulture,Greenhouse rose cultivation,50000,Medium,No,MIDH,50% subsidy for protected floriculture structures,50,https://midh.gov.in,Feb-March,Dec-Jan,365,Integrated pest management,Cold storage,High,High,6,Karnataka Maharashtra,Tropical,8,Verified,https://midh.gov.in,2025
Gerbera,Gerbera jamesonii,Flower,9000,50000,65000,155,72000,Medium,Loamy,Tropical,Perennial,25,Horticulture,Polyhouse cultivation,55000,Medium,No,MIDH,50% subsidy for protected cultivation,50,https://midh.gov.in,Feb-March,Dec-Jan,365,Integrated nutrient mgmt,Cold chain,High,High,6,Maharashtra Karnataka,Tropical,8,Verified,https://midh.gov.in,2025
Tuberose,Polianthes tuberosa,Flower,7500,38000,50000,140,40000,Medium,Loamy,Tropical,Perennial,27,Horticulture,Open field and protected cultivation,38000,Low,Yes,MIDH,40% subsidy for floriculture inputs,40,https://midh.gov.in,March-April,Oct-Nov,240,IPM,Cold chain,High,Medium,5,West Bengal Odisha,Tropical,7,Verified,https://midh.gov.in,2025
Chrysanthemum,Chrysanthemum morifolium,Flower,8500,42000,48000,135,42000,Medium,Loamy,Temperate,Perennial,22,Horticulture,Open field,42000,Low,Yes,MIDH,40% subsidy for floriculture infrastructure,40,https://midh.gov.in,Feb-March,Oct-Nov,240,Integrated pest mgmt,Cold chain,High,Medium,6,Karnataka Tamil Nadu,Temperate,7,Verified,https://midh.gov.in,2025
Stevia,Stevia rebaudiana,Medicinal,2500,25000,55000,180,30000,Low,Loamy,Tropical,Kharif,25,Horticulture,Drip irrigation organic method,28000,Low,Yes,NMPB,40% assistance for medicinal crop cultivation,40,https://nmpb.nic.in,May-June,Nov-Dec,180,Organic manure,Sun dry,High,High,5,Madhya Pradesh Chhattisgarh,Tropical,7,Verified,https://nmpb.nic.in,2025
Saffron,Crocus sativus,Spice,8,120000,1300000,300,1200000,Low,Loamy,Temperate,Rabi,14,Horticulture,High altitude controlled irrigation,150000,High,No,NHB,50% subsidy for saffron area expansion,50,https://nhb.gov.in,Sept-Oct,Nov-Dec,90,Organic manure,Cold storage,High,Medium,9,Jammu & Kashmir,Temperate,9,Verified,https://nhb.gov.in,2025
Chamomile,Matricaria chamomilla,Medicinal,1400,20000,35000,150,20000,Medium,Loamy,Temperate,Rabi,20,Horticulture,Open field aromatic cultivation,21000,Low,Yes,NMPB,40% financial aid for aromatic crops,40,https://nmpb.nic.in,Oct-Nov,Feb-Mar,120,Organic input,Sun dry,Medium,High,5,Himachal Pradesh Uttarakhand,Temperate,8,Verified,https://nmpb.nic.in,2025
Lemongrass,Cymbopogon citratus,Aromatic,2500,30000,55000,160,25000,Medium,Loamy,Tropical,Kharif,27,Horticulture,Drip irrigation aromatic farming,32000,Low,Yes,NMPB,40% subsidy for aromatic oil crops,40,https://nmpb.nic.in,May-June,Nov-Dec,180,Organic pest mgmt,Oil distillation,High,High,6,Uttar Pradesh Bihar,Tropical,7,Verified,https://nmpb.nic.in,2025
Citronella,Cymbopogon winterianus,Aromatic,2300,28000,50000,155,22000,Medium,Loamy,Tropical,Kharif,26,Horticulture,Drip irrigation aromatic farming,30000,Low,Yes,NMPB,40% support for aromatic oil crops,40,https://nmpb.nic.in,May-June,Nov-Dec,180,Organic pest mgmt,Oil distillation,High,High,6,Assam Meghalaya,Tropical,7,Verified,https://nmpb.nic.in,2025
Palmarosa,Cymbopogon martinii,Aromatic,2100,26000,48000,150,20000,Medium,Loamy,Tropical,Kharif,25,Horticulture,Intercropping aromatic farming,28000,Low,Yes,NMPB,40% financial assistance for aromatic crops,40,https://nmpb.nic.in,May-June,Nov-Dec,180,Organic pest mgmt,Oil distillation,High,High,6,Madhya Pradesh Chhattisgarh,Tropical,7,Verified,https://nmpb.nic.in,2025
Peppermint,Mentha piperita,Aromatic,2400,27000,52000,160,23000,Medium,Loamy,Temperate,Rabi,18,Horticulture,Intercropping aromatic farming,30000,Low,Yes,NMPB,40% subsidy for mint and aromatic crops,40,https://nmpb.nic.in,Oct-Nov,April-May,150,Organic pest mgmt,Oil distillation,High,High,6,Uttar Pradesh Punjab,Temperate,7,Verified,https://nmpb.nic.in,2025
Aloe Vera,Aloe barbadensis,Medicinal,12000,40000,90000,200,80000,Low,Sandy loam,Arid,Perennial,30,Horticulture,Organic and drip irrigation,45000,Low,Yes,NMPB,40% subsidy for medicinal plant cultivation,40,https://nmpb.nic.in,Feb-March,Throughout year,365,Organic manure,Sun dry,High,High,5,Rajasthan Gujarat,Arid,8,Verified,https://nmpb.nic.in,2025
Vetiver,Chrysopogon zizanioides,Aromatic,2000,30000,48000,150,24000,Medium,Loamy,Tropical,Kharif,26,Horticulture,Intercropping for aromatic roots,28000,Low,Yes,NMPB,40% assistance for aromatic root crops,40,https://nmpb.nic.in,May-June,Nov-Dec,180,Organic pest mgmt,Oil distillation,High,High,6,Uttar Pradesh Bihar,Tropical,7,Verified,https://nmpb.nic.in,2025
Patchouli,Pogostemon cablin,Aromatic,1800,32000,60000,160,28000,Medium,Loamy,Tropical,Kharif,25,Horticulture,Intercropping aromatic leaf crops,32000,Low,Yes,NMPB,40% subsidy for aromatic crops,40,https://nmpb.nic.in,May-June,Nov-Dec,180,Organic pest mgmt,Oil distillation,High,High,6,Assam Karnataka,Tropical,7,Verified,https://nmpb.nic.in,2025
Turmeric,Curcuma longa,Spice,6000,60000,85000,140,70000,Medium,Loamy,Tropical,Kharif,25,Horticulture,Organic mulching,70000,Medium,Yes,MIDH,40% subsidy for spice crop infrastructure,40,https://midh.gov.in,June-July,Jan-Feb,210,IPM,Boiling & drying,High,High,6,Andhra Pradesh Tamil Nadu,Tropical,8,Verified,https://midh.gov.in,2025
Ginger,Zingiber officinale,Spice,5500,50000,90000,160,80000,Medium,Loamy,Tropical,Kharif,26,Horticulture,Organic mulching,65000,Medium,Yes,MIDH,40% subsidy for spice cultivation,40,https://midh.gov.in,May-June,Dec-Jan,210,IPM,Boiling & drying,High,High,6,Assam Meghalaya,Tropical,8,Verified,https://midh.gov.in,2025
Garlic,Allium sativum,Spice,5000,40000,70000,150,65000,Medium,Loamy,Temperate,Rabi,18,Horticulture,Intercropping,45000,Low,Yes,NHM,35% assistance for spice cultivation,35,https://nhm.gov.in,Oct-Nov,March-April,150,IPM,Cold storage,High,High,6,Madhya Pradesh Gujarat,Temperate,8,Verified,https://nhm.gov.in,2025

Sunflower,Helianthus annuus,Oilseed,1000,25000,5000,140,20000,Medium,Loamy,Tropical,Kharif,26,Horticulture,Open field oilseed cultivation,27000,Low,Yes,NMEO,40% subsidy for oilseed promotion and processing,40,https://nmeo.dac.gov.in,June-July,Oct-Nov,120,IPM,Cold press storage,Medium,High,5,Maharashtra Karnataka,Tropical,7,Verified,https://nmeo.dac.gov.in,2025
Sesame,Sesamum indicum,Oilseed,1100,20000,9000,130,15000,Low,Sandy loam,Arid,Kharif,30,Horticulture,Low-input organic farming,22000,Low,Yes,NMEO,40% subsidy for oilseed cultivation,40,https://nmeo.dac.gov.in,May-June,Sept-Oct,100,Organic pest mgmt,Sun dry,High,High,5,Gujarat Rajasthan,Arid,8,Verified,https://nmeo.dac.gov.in,2025
Mustard,Brassica juncea,Oilseed,1400,28000,7000,130,22000,Medium,Loamy,Temperate,Rabi,22,Horticulture,Integrated nutrient management,30000,Low,Yes,NMEO,40% subsidy for mustard cultivation,40,https://nmeo.dac.gov.in,Oct-Nov,Feb-Mar,120,IPM,Oil extraction,High,High,5,Rajasthan Haryana,Temperate,8,Verified,https://nmeo.dac.gov.in,2025
Groundnut,Arachis hypogaea,Oilseed,1500,27000,5500,140,25000,Medium,Loamy,Tropical,Kharif,28,Horticulture,Drip irrigation peanut farming,30000,Low,Yes,NMEO,40% subsidy for oilseed cultivation,40,https://nmeo.dac.gov.in,June-July,Oct-Nov,120,IPM,Oil extraction,High,High,5,Gujarat Tamil Nadu,Tropical,8,Verified,https://nmeo.dac.gov.in,2025
Soybean,Glycine max,Oilseed,2200,30000,4500,150,25000,Medium,Loamy,Tropical,Kharif,28,Horticulture,Open field with crop rotation,32000,Low,Yes,NMEO,40% assistance for oilseed promotion,40,https://nmeo.dac.gov.in,June-July,Oct-Nov,120,IPM,Oil extraction,High,High,6,Madhya Pradesh Maharashtra,Tropical,7,Verified,https://nmeo.dac.gov.in,2025
Coconut,Cocos nucifera,Plantation,10000,80000,12000,150,50000,High,Loamy,Tropical,Perennial,28,Horticulture,Intercropping with cocoa or pineapple,85000,High,No,MIDH,50% subsidy for plantation infrastructure,50,https://midh.gov.in,May-June,Throughout,365,Organic fertilizer,Cold storage,High,High,4,Kerala Tamil Nadu,Tropical,8,Verified,https://midh.gov.in,2025
Banana,Musa paradisiaca,Fruit,30000,70000,12000,160,80000,High,Loamy,Tropical,Perennial,30,Horticulture,Tissue culture and drip irrigation,80000,High,No,MIDH,50% subsidy for horticulture infra,50,https://midh.gov.in,Feb-March,Throughout year,365,Organic pest mgmt,Cold storage,High,High,4,Maharashtra Tamil Nadu,Tropical,8,Verified,https://midh.gov.in,2025
Papaya,Carica papaya,Fruit,25000,50000,10000,150,70000,High,Loamy,Tropical,Perennial,28,Horticulture,Tissue culture papaya farming,55000,Medium,No,MIDH,40% subsidy for fruit farming infra,40,https://midh.gov.in,Feb-March,Throughout year,365,IPM,Cold storage,High,High,5,Andhra Pradesh Gujarat,Tropical,8,Verified,https://midh.gov.in,2025
Guava,Psidium guajava,Fruit,12000,40000,9000,140,60000,Medium,Loamy,Tropical,Perennial,26,Horticulture,High-density planting with drip irrigation,45000,Medium,Yes,MIDH,40% subsidy for fruit orchard establishment,40,https://midh.gov.in,Feb-March,Throughout year,365,IPM,Cold storage,Medium,High,5,Uttar Pradesh Maharashtra,Tropical,7,Verified,https://midh.gov.in,2025
Pomegranate,Punica granatum,Fruit,10000,80000,15000,160,90000,Medium,Loamy,Arid,Perennial,30,Horticulture,Drip irrigation organic method,85000,High,No,MIDH,50% subsidy for fruit orchard infrastructure,50,https://midh.gov.in,Jan-Feb,Throughout,365,Organic manure,Cold storage,High,High,6,Maharashtra Rajasthan,Arid,8,Verified,https://midh.gov.in,2025
Grapes,Vitis vinifera,Fruit,12000,100000,16000,170,95000,High,Loamy,Tropical,Perennial,28,Horticulture,Trellis & drip irrigation system,105000,High,No,MIDH,50% subsidy for vineyard infra,50,https://midh.gov.in,Jan-Feb,Throughout,365,Organic pest mgmt,Cold storage,High,High,6,Maharashtra Karnataka,Tropical,8,Verified,https://midh.gov.in,2025
Mango,Mangifera indica,Fruit,9000,80000,15000,150,90000,High,Loamy,Tropical,Perennial,30,Horticulture,High-density mango orchard,85000,High,No,MIDH,50% subsidy for orchard infra,50,https://midh.gov.in,Feb-March,Throughout,365,Organic pest mgmt,Cold storage,High,High,6,Andhra Pradesh Tamil Nadu,Tropical,8,Verified,https://midh.gov.in,2025
Dragon Fruit,Hylocereus undatus,Fruit,8000,60000,30000,180,90000,Medium,Sandy loam,Arid,Perennial,28,Horticulture,Concrete pole and trellis system,65000,Medium,Yes,MIDH,50% subsidy for exotic fruit cultivation,50,https://midh.gov.in,Feb-March,Throughout,365,Organic manure,Cold storage,High,High,6,Maharashtra Gujarat,Arid,9,Verified,https://midh.gov.in,2025
Jackfruit,Artocarpus heterophyllus,Fruit,10000,70000,12000,150,80000,Medium,Loamy,Tropical,Perennial,28,Horticulture,Organic orchard management,75000,Medium,No,MIDH,50% subsidy for fruit orchard infra,50,https://midh.gov.in,Feb-March,Throughout,365,Organic manure,Cold storage,High,High,5,Kerala Karnataka,Tropical,7,Verified,https://midh.gov.in,2025
Custard Apple,Annona squamosa,Fruit,8000,45000,15000,160,70000,Medium,Loamy,Arid,Perennial,30,Horticulture,Organic intercropping,48000,Low,Yes,MIDH,40% subsidy for fruit orchard setup,40,https://midh.gov.in,Feb-March,Throughout,365,Organic pest mgmt,Cold storage,Medium,High,5,Madhya Pradesh Rajasthan,Arid,7,Verified,https://midh.gov.in,2025
Litchi,Litchi chinensis,Fruit,9000,90000,25000,170,100000,High,Loamy,Tropical,Perennial,26,Horticulture,High-density planting,95000,High,No,MIDH,50% subsidy for fruit plantation,50,https://midh.gov.in,Feb-March,Throughout,365,Organic manure,Cold storage,High,Medium,7,Bihar Jharkhand,Tropical,7,Verified,https://midh.gov.in,2025
Apple,Malus domestica,Fruit,12000,100000,30000,180,120000,High,Loamy,Temperate,Perennial,18,Horticulture,High-density apple orchard,105000,High,No,MIDH,50% subsidy for horticulture infra,50,https://midh.gov.in,Oct-Nov,July-Aug,365,Organic pest mgmt,Cold storage,High,Medium,8,Himachal Pradesh J&K,Temperate,7,Verified,https://midh.gov.in,2025
Pear,Pyrus communis,Fruit,11000,95000,25000,170,100000,High,Loamy,Temperate,Perennial,17,Horticulture,High-density fruit plantation,98000,High,No,MIDH,50% subsidy for fruit orchard infra,50,https://midh.gov.in,Oct-Nov,July-Aug,365,Organic pest mgmt,Cold storage,High,Medium,8,Himachal Pradesh Uttarakhand,Temperate,7,Verified,https://midh.gov.in,2025
Cherry,Prunus avium,Fruit,7000,85000,35000,180,120000,High,Loamy,Temperate,Perennial,15,Horticulture,Controlled temp fruit farming,90000,High,No,MIDH,50% subsidy for high-value fruit cultivation,50,https://midh.gov.in,Oct-Nov,June-July,365,Organic pest mgmt,Cold storage,High,Medium,8,Jammu & Kashmir,Hilly,8,Verified,https://midh.gov.in,2025
Walnut,Juglans regia,Nut,6000,120000,40000,200,150000,High,Loamy,Temperate,Perennial,16,Horticulture,High-density nut plantation,130000,High,No,MIDH,50% subsidy for nut crop infra,50,https://midh.gov.in,Oct-Nov,June-July,365,Organic pest mgmt,Cold storage,High,Medium,8,Jammu & Kashmir Himachal Pradesh,Temperate,8,Verified,https://midh.gov.in,2025

Black Wheat,Triticum aestivum var. nigrum,Cereal,2000,35000,16000,150,100000,Medium,Loamy,Temperate,Rabi,18,Precision Farming,Soil testing + balanced fertilization with drip irrigation,40000,Medium,Yes,PMFBY,20% insurance subsidy for risk mitigation and premium coverage,20,https://pmfby.gov.in,Nov-Dec,March-April,120,IPM,Cold storage,Medium,High,4,Himachal Pradesh Punjab,Temperate,7,Verified,https://pmfby.gov.in,2025
Millet (Foxtail),Setaria italica,Cereal,1800,18000,3500,130,12000,Low,Sandy Loam,Arid,Kharif,30,Open Field,Rain-fed millet cultivation with low water input,20000,Low,Yes,PMKSY,35% subsidy on micro-irrigation for millet farmers,35,https://pmksy.gov.in,June-July,Sept-Oct,80,Organic fertilizer,Sun dry,High,Medium,6,Rajasthan Gujarat,Arid,8,Verified,https://pmksy.gov.in,2025
Sorghum (Jowar),Sorghum bicolor,Cereal,2500,22000,3000,130,15000,Low,Sandy Loam,Arid,Kharif,32,Open Field,Low-input rainfed sorghum farming,25000,Low,Yes,PMKSY,35% micro-irrigation benefit for dry land farmers,35,https://pmksy.gov.in,June-July,Oct-Nov,100,Organic fertilizer,Sun dry,High,High,5,Maharashtra Karnataka,Arid,8,Verified,https://pmksy.gov.in,2025
Barley,Hordeum vulgare,Cereal,2200,25000,4200,140,20000,Low,Loamy,Temperate,Rabi,16,Precision Farming,Open field cultivation with soil testing & balanced nutrients,27000,Low,Yes,PMFBY,20% crop insurance premium support for rabi crops,20,https://pmfby.gov.in,Nov-Dec,March-April,120,IPM,Cold storage,Medium,High,4,Rajasthan Punjab,Temperate,7,Verified,https://pmfby.gov.in,2025
Chickpea (Gram),Cicer arietinum,Pulse,900,20000,6500,140,16000,Low,Loamy,Temperate,Rabi,18,Open Field,Drip irrigation with organic inputs,22000,Low,Yes,NFSM,30% support for pulse seed distribution & fertilizer assistance,30,https://nfsm.gov.in,Nov-Dec,March-April,110,Organic fertilizer,Pack dry,Medium,High,5,Madhya Pradesh Rajasthan,Temperate,7,Verified,https://nfsm.gov.in,2025
Black Gram (Urad),Vigna mungo,Pulse,800,19000,7200,150,17000,Low,Loamy,Tropical,Kharif,28,Open Field,Intercropping with cereals using drip irrigation,21000,Low,Yes,NFSM,30% subsidy for pulse seed & organic fertilizer kits,30,https://nfsm.gov.in,June-July,Sept-Oct,100,IPM,Sun dry,Medium,High,6,Maharashtra Tamil Nadu,Tropical,7,Verified,https://nfsm.gov.in,2025
Lentil (Masoor),Lens culinaris,Pulse,850,20000,6500,145,17500,Low,Loamy,Temperate,Rabi,18,Open Field,Low input organic farming,22000,Low,Yes,NFSM,30% assistance for pulse development programs,30,https://nfsm.gov.in,Oct-Nov,March-April,120,Organic fertilizer,Sun dry,Medium,High,6,Bihar Uttar Pradesh,Temperate,7,Verified,https://nfsm.gov.in,2025
Pea (Green Pea),Pisum sativum,Vegetable,2500,30000,10000,150,45000,Medium,Loamy,Temperate,Rabi,18,Horticulture,Drip irrigation with high-yield varieties,32000,Medium,Yes,MIDH,40% support for protected cultivation of vegetables,40,https://midh.gov.in,Oct-Nov,Feb-Mar,120,IPM,Cold storage,Medium,High,5,Haryana Punjab,Temperate,7,Verified,https://midh.gov.in,2025
Sweet Corn,Zea mays var. rugosa,Vegetable,3500,40000,8000,150,45000,Medium,Loamy,Tropical,Zaid,26,Horticulture,Greenhouse corn cultivation with mulching,42000,Medium,Yes,MIDH,40% assistance for greenhouse setup and inputs,40,https://midh.gov.in,Feb-Mar,June-July,100,IPM,Cold storage,Medium,High,6,Karnataka Maharashtra,Tropical,7,Verified,https://midh.gov.in,2025
Okra (Lady Finger),Abelmoschus esculentus,Vegetable,12000,40000,18000,135,40000,Medium,Loamy,Tropical,Kharif,28,Horticulture,Drip irrigation and organic pest control,50000,Low,Yes,MIDH,30% subsidy for horticulture input costs,30,https://midh.gov.in,June-July,Sept-Oct,120,Organic pest management,Cold storage optional,Medium,High,5,Maharashtra Gujarat,Tropical,7,Verified,https://midh.gov.in,2025
Turmeric,Curcuma longa,Spice,7000,90000,90000,145,55000,Medium,Loamy,Tropical,Kharif,30,Horticulture,Organic farming with partial irrigation,100000,Medium,Yes,MIDH PMFBY,40% subsidy + insurance coverage for spice farmers,40,https://midh.gov.in,June-July,Jan-Feb,180,Integrated nutrient and pest mgmt,Cold storage after drying,High,High,5,Kerala Tamil Nadu,Tropical,7,Verified,https://midh.gov.in,2025
Ginger,Zingiber officinale,Spice,8000,95000,85000,150,55000,Medium,Loamy,Tropical,Kharif,30,Horticulture,Shade cultivation with mulching & organic inputs,100000,Medium,Yes,MIDH,40% support for spice and horticulture infra,40,https://midh.gov.in,May-June,Jan-Feb,180,Organic pest mgmt,Cold storage needed,High,High,6,Meghalaya Assam,Tropical,7,Verified,https://midh.gov.in,2025
Vanilla,Vanilla planifolia,Spice,400,120000,350000,200,300000,High,Loamy,Tropical,Perennial,26,Horticulture,Shade-grown climbing vine cultivation,130000,High,No,MIDH,50% subsidy for protected cultivation of exotic spices,50,https://midh.gov.in,April-May,Throughout,365,Organic pest mgmt,Cold storage critical,High,Medium,9,Kerala Karnataka,Tropical,7,Verified,https://midh.gov.in,2025
Stevia,Stevia rebaudiana,Medicinal,3500,40000,85000,130,37000,Medium,Loamy,Tropical,Kharif,30,Precision Farming,Soil + drip irrigation with mulching,60000,Low,Yes,MIDH,30% support for medicinal & herbal plant cultivation,30,https://midh.gov.in,March-April,July-Sept,120,Low chemical use,Proper drying & packing,High,Medium,5,Maharashtra Andhra Pradesh,Tropical,7,Verified,https://midh.gov.in,2025



